canonical_name,brand,category,size_value,size_unit,barcode,base_price_etb,coverage
Hayat Cooking Oil 1L,Hayat,cooking_oil,1,l,8690632030018,340,rich
Shega White Sugar 1kg,Shega,sugar,1,kg,,205,rich
Ambo Mineral Water 1L,Ambo,bottled_water,1,l,,32,rich
Tomoca Ground Coffee 500g,Tomoca,coffee,500,g,,620,normal
Colgate Herbal Toothpaste 100ml,Colgate,toothpaste,100,ml,,145,normal
Blue Nile Rice 5kg,Blue Nile,rice,5,kg,,690,normal
Lifebuoy Soap 175g,Lifebuoy,soap,175,g,,82,thin
San Marco Pasta 500g,San Marco,pasta,500,g,,95,thin
Omo Detergent Powder 1kg,Omo,detergent,1,kg,,410,stale
